Prompt	Tarun Comment to check	Group
I already have health insurance and want to switch insurers without losing my waiting period benefits—how does portability work in India?		Portability & Transfer
I am unhappy with my current health insurer—when does it make sense to port instead of renewing again?		Portability & Transfer
I have completed part of my waiting period with my current policy—what benefits can I carry when I port to another insurer?		Portability & Transfer
I missed a claim-free year bonus increase with my current insurer—does portability let me keep that benefit when I switch?		Portability & Transfer
I have a pre-existing disease and want to change my insurer—will portability help me avoid starting over?		Portability & Transfer
I am on an employer health policy and may leave my job soon—should I migrate or port to personal health insurance?		Portability & Transfer
How to choose a health insurer when planning to port an existing policy		Portability & Transfer
Best health insurance companies in India for portability and waiting period continuity		Portability & Transfer
Digit vs HDFC Ergo health insurance portability		Portability & Transfer
Digit vs ICICI Lombard health insurance portability and waiting period credit		Portability & Transfer
Digit vs Star Health for porting an existing health insurance policy		Portability & Transfer
Digit vs Niva Bupa for health insurance portability		Portability & Transfer
Digit vs Care Health Insurance for switching from another insurer		Portability & Transfer
Digit vs Bajaj Allianz health insurance for portability and renewal value		Portability & Transfer
What should I compare before porting health insurance: waiting period, claim support, premium, or hospital network?		Portability & Transfer
Can I increase my sum insured while porting health insurance, and what should I watch out for?		Portability & Transfer
Should I port my policy after a bad claims experience or just buy a new health insurance plan?		Portability & Transfer
Digit health insurance portability process and documents required		Portability & Transfer
Digit health insurance portability timeline before renewal		Portability & Transfer
Does Digit health insurance give waiting period credit when I port from another insurer?		Portability & Transfer
Can I port my existing policy to Digit if I have a pre-existing disease and previous claims?		Portability & Transfer
Digit health insurance portability with higher sum insured		Portability & Transfer
Digit health insurance portability eligibility for senior citizens		Portability & Transfer
I want to port my current health insurance to Digit—what should I do before my renewal date?		Portability & Transfer
I submitted a request to port my policy to Digit—how do I track the status and next steps?		Portability & Transfer
I am moving my family floater to Digit—will all members keep their waiting period continuity?		Portability & Transfer
I am porting my policy to Digit and need to understand how continuity benefits will show up in my new policy document		Portability & Transfer
I keep spending on doctor visits and tests without getting admitted to a hospital — would OPD cover actually help me?		OPD Coverage
What is OPD cover in health insurance and how is it different from normal hospitalization cover?		OPD Coverage
Should I pay extra for health insurance with OPD cover if my medical costs are mostly consultations, medicines, and diagnostics?		OPD Coverage
How does OPD coverage work in health insurance for doctor consultations, pharmacy bills, and lab tests?		OPD Coverage
When is a health insurance plan with OPD cover worth it for a single adult in India?		OPD Coverage
Best health insurance with OPD cover in India		OPD Coverage
How to compare health insurance plans with OPD cover in India		OPD Coverage
Digit vs HDFC Ergo for health insurance with OPD cover		OPD Coverage
Digit vs ICICI Lombard for OPD coverage in health insurance		OPD Coverage
Digit vs Niva Bupa for health insurance with OPD benefits		OPD Coverage
Digit vs Care Health for OPD cover and claim experience		OPD Coverage
Policybazaar vs buying directly from Digit for a health plan with OPD cover		OPD Coverage
What should I look for before buying health insurance with OPD cover in India?		OPD Coverage
Digit health insurance OPD cover pricing and add-on details		OPD Coverage
Does Digit health insurance OPD cover consultations, diagnostic tests, and medicines or only selected expenses?		OPD Coverage
How do OPD claims work in Digit health insurance — reimbursement, documents, and timelines		OPD Coverage
Is Digit OPD cover cashless or reimbursement-based for doctor visits and pharmacy bills?		OPD Coverage
I already have Digit health insurance — how do I claim OPD expenses for doctor consultation and medicines?		OPD Coverage
My Digit OPD claim was rejected — what documents or policy conditions should I check first?		OPD Coverage
Where can I see my OPD coverage limits, eligible expenses, and claim status in Digit health insurance?		OPD Coverage
I already have a ₹5 lakh health policy, should I add a super top-up or just increase my base cover?		Top-Up Plans
I keep hearing about top-up and super top-up plans, what is the real difference in simple terms?		Top-Up Plans
I want higher health cover without paying a huge premium, is a super top-up the smartest way to do it?		Top-Up Plans
I have employer health insurance, do I still need a personal super top-up plan?		Top-Up Plans
I am confused about deductibles in health insurance, how does a super top-up actually start paying?		Top-Up Plans
If I might have two hospitalisations in one year, should I buy a top-up or a super top-up?		Top-Up Plans
I am in my 30s and healthy, is this the right time to buy a super top-up before premiums rise later?		Top-Up Plans
My family already has a floater plan, when does adding a super top-up make more sense than buying a bigger floater?		Top-Up Plans
I want to understand when a super top-up is worth it and when it is just extra complexity		Top-Up Plans
best super top up health insurance in India		Top-Up Plans
top-up vs super top-up health insurance which is better		Top-Up Plans
how to choose a super top-up health insurance plan		Top-Up Plans
what should I compare before buying a health insurance top-up plan		Top-Up Plans
best super top-up plan for family floater		Top-Up Plans
best super top-up health insurance for parents		Top-Up Plans
Digit vs Acko super top-up health insurance		Top-Up Plans
Digit vs HDFC Ergo super top-up plan		Top-Up Plans
Digit vs ICICI Lombard super top-up health insurance		Top-Up Plans
Digit vs Bajaj Allianz super top-up policy		Top-Up Plans
Digit vs Star Health super top-up plan		Top-Up Plans
Digit vs Niva Bupa super top-up health insurance		Top-Up Plans
Digit vs Care Health super top-up plan		Top-Up Plans
Policybazaar vs buying directly from Digit for super top-up health insurance		Top-Up Plans
can I buy a super top-up from a different insurer than my base policy		Top-Up Plans
which is better for claims: same insurer for base and super top-up or different insurers		Top-Up Plans
which super top-up plans have the least waiting period issues		Top-Up Plans
Digit super top-up pricing and deductible options		Top-Up Plans
Digit super top-up waiting period for pre-existing diseases		Top-Up Plans
Digit super top-up claim process if my base policy is with another insurer		Top-Up Plans
Does Digit super top-up offer cashless claims if my base cover is from another company		Top-Up Plans
Digit super top-up network hospitals and claim support		Top-Up Plans
Can I buy Digit super top-up without buying a base health policy from Digit		Top-Up Plans
How do I set the right deductible in my Digit super top-up plan?		Top-Up Plans
I already have a Digit top-up policy, how do claims work across multiple hospitalisations in one year?		Top-Up Plans
My Digit super top-up is up for renewal, can I change the sum insured or deductible without losing continuity?		Top-Up Plans
my company offers health insurance for employees but i do not understand what is actually covered		Group / Employer Health Insurance
i am joining a new company and want to understand how employer health insurance works in india		Group / Employer Health Insurance
what is the difference between group health insurance and personal health insurance for employees		Group / Employer Health Insurance
should i rely only on employer health insurance or buy a separate family health plan too		Group / Employer Health Insurance
why do so many employees say corporate health insurance is not enough for long term protection		Group / Employer Health Insurance
how does a group mediclaim policy for employees usually work after i get added by my employer		Group / Employer Health Insurance
what should small businesses know before offering group health insurance to employees		Group / Employer Health Insurance
how many employees do i need before i can buy group health insurance for my company		Group / Employer Health Insurance
what are the biggest mistakes employers make when choosing a group medical insurance policy		Group / Employer Health Insurance
how do waiting periods usually work in group health insurance for employees		Group / Employer Health Insurance
are pre existing diseases usually covered from day one in corporate health insurance		Group / Employer Health Insurance
can employer health insurance also cover spouse children and parents		Group / Employer Health Insurance
what happens to my health insurance when i resign from my company		Group / Employer Health Insurance
can i port my employer group health insurance to an individual policy when i leave my job		Group / Employer Health Insurance
what documents do employers usually need to start a group health insurance policy for employees		Group / Employer Health Insurance
which is the best group health insurance for employees in india		Group / Employer Health Insurance
top group mediclaim insurance policies for employees for startups and small businesses		Group / Employer Health Insurance
how to choose a group health insurance policy for employees in india		Group / Employer Health Insurance
what features should i compare before buying corporate health insurance for employees		Group / Employer Health Insurance
group health insurance vs group mediclaim policy for employees		Group / Employer Health Insurance
best group medical insurance for employees with maternity cover and parent cover		Group / Employer Health Insurance
best corporate health insurance for employees with large hospital network		Group / Employer Health Insurance
what is the cost of group health insurance for employees in india		Group / Employer Health Insurance
how do i compare claim support and servicing across group health insurance companies		Group / Employer Health Insurance
which group health insurance companies are better for cashless claims in india		Group / Employer Health Insurance
Digit vs HDFC ERGO group health insurance for employees		Group / Employer Health Insurance
Digit vs ICICI Lombard group medical insurance for employers		Group / Employer Health Insurance
Digit vs Bajaj Allianz group health insurance policy comparison		Group / Employer Health Insurance
Digit vs Star Health for employee health insurance		Group / Employer Health Insurance
Digit vs Niva Bupa for corporate health insurance		Group / Employer Health Insurance
Digit vs Care Health for group mediclaim policy for employees		Group / Employer Health Insurance
Digit vs Acko for startup employee health insurance		Group / Employer Health Insurance
Digit vs Policybazaar for Business for group health insurance purchase		Group / Employer Health Insurance
HDFC ERGO vs ICICI Lombard vs Digit for employer health insurance		Group / Employer Health Insurance
which insurer is better for SMEs buying group health insurance: Digit, Care, or Niva Bupa		Group / Employer Health Insurance
Digit group health insurance pricing for employees		Group / Employer Health Insurance
Digit corporate health insurance quote for a company with 20 employees		Group / Employer Health Insurance
Digit group mediclaim policy for employees with maternity benefit cost		Group / Employer Health Insurance
Digit group health insurance minimum employee requirement		Group / Employer Health Insurance
does Digit group health insurance cover employee parents and dependents		Group / Employer Health Insurance
Digit group health insurance hospital network for employees across india		Group / Employer Health Insurance
Digit group health insurance claim process for employees and HR teams		Group / Employer Health Insurance
Digit group health insurance onboarding timeline for a new company policy		Group / Employer Health Insurance
Digit group medical insurance documents needed for policy issuance		Group / Employer Health Insurance
Digit group health insurance renewal process for employers		Group / Employer Health Insurance
does Digit group health insurance integrate with employee enrollment or HR workflows		Group / Employer Health Insurance
what are the exclusions in Digit group health insurance for employees		Group / Employer Health Insurance
how do i add a new employee to my Digit group health insurance policy		Group / Employer Health Insurance
how can i download employee e cards in Digit group health insurance		Group / Employer Health Insurance
my employee needs cashless hospitalization under Digit group health insurance what should i do		Group / Employer Health Insurance
why is my Digit group health insurance claim still pending		Group / Employer Health Insurance
how do i add spouse children or parents to my company group health insurance after purchase		Group / Employer Health Insurance
i already have group health insurance for my employees how do i improve coverage at renewal		Group / Employer Health Insurance
how do i remove an exited employee from my corporate health insurance policy		Group / Employer Health Insurance
I need health insurance for my whole family and aging parents too — should I put everyone in one plan or split it up?		Family & Senior Coverage
My parents are getting older and hospital bills keep worrying me — what kind of health cover should I even look at first?		Family & Senior Coverage
I am buying medical insurance for my parents for the first time — what mistakes cause problems later during claims?		Family & Senior Coverage
How does family health insurance work when parents are much older than the rest of us?		Family & Senior Coverage
I want coverage for senior citizen parents, but I do not understand waiting periods, exclusions, and pre-existing disease rules		Family & Senior Coverage
Is family mediclaim still worth it if one parent already has diabetes or heart issues?		Family & Senior Coverage
What should I check before buying health insurance for senior citizen parents in India?		Family & Senior Coverage
Can I get tax benefits if I pay health insurance premiums for my parents, and how does that usually work?		Family & Senior Coverage
I am confused between buying insurance for my parents now or waiting until next year — does delaying make things much harder?		Family & Senior Coverage
Why do so many senior citizen health insurance claims get disputed or reduced?		Family & Senior Coverage
What is the difference between family floater insurance and separate health insurance for parents?		Family & Senior Coverage
How much health insurance cover is usually enough for a family with senior citizen parents in India?		Family & Senior Coverage
Best family health insurance plans in India for self, spouse, children, and senior citizen parents		Family & Senior Coverage
Best health insurance for parents in India with strong cashless hospital support		Family & Senior Coverage
Best senior citizen health insurance plans in India with lower waiting period		Family & Senior Coverage
Digit vs Star Health for senior citizen parents		Family & Senior Coverage
Digit vs Niva Bupa for family health insurance		Family & Senior Coverage
Digit vs HDFC ERGO for parents health insurance		Family & Senior Coverage
Digit vs ICICI Lombard for family floater health insurance		Family & Senior Coverage
Digit vs Care Health for senior citizen mediclaim		Family & Senior Coverage
Digit vs Bajaj Allianz for parents with pre-existing diseases		Family & Senior Coverage
Digit vs Acko for online health insurance for families		Family & Senior Coverage
Policybazaar vs buying directly from Digit for parents health insurance		Family & Senior Coverage
How to choose health insurance for parents with diabetes, BP, or heart history		Family & Senior Coverage
What should I compare before buying a senior citizen health insurance plan in India		Family & Senior Coverage
Family floater vs individual plans for parents and senior citizens		Family & Senior Coverage
Which health insurance companies are better for senior citizens with cashless claims		Family & Senior Coverage
Digit health insurance pricing for family floater plans		Family & Senior Coverage
Digit health insurance premium for parents above 60		Family & Senior Coverage
Digit senior citizen health insurance waiting period for pre-existing diseases		Family & Senior Coverage
Does Digit health insurance cover parents with diabetes or hypertension at purchase		Family & Senior Coverage
Digit health insurance tax benefit for parents under Section 80D		Family & Senior Coverage
Digit health insurance cashless hospital network for senior citizens		Family & Senior Coverage
How to buy a Digit family health insurance plan that includes my parents		Family & Senior Coverage
Digit vs Star Health pricing and waiting period for senior citizen plans		Family & Senior Coverage
Does Digit health insurance have co-pay for senior citizen parents		Family & Senior Coverage
Digit health insurance claim process for parents in non-network hospitals		Family & Senior Coverage
What documents does Digit need before issuing health insurance for senior citizens		Family & Senior Coverage
How long does Digit take to approve cashless hospitalization for health insurance claims		Family & Senior Coverage
I already bought Digit health insurance for my parents — how do I file a cashless claim if they are admitted suddenly?		Family & Senior Coverage
I have a Digit family health plan — where do I check whether my parents' hospital is in the cashless network?		Family & Senior Coverage
My parents are covered by Digit — how do I submit reimbursement if the hospital was not cashless?		Family & Senior Coverage
I bought a Digit policy for my senior citizen parents — what should I keep ready before the first claim?		Family & Senior Coverage
My Digit health insurance claim for my parent was reduced — how do I understand the reason and next steps?		Family & Senior Coverage
How do I download the Digit health card and policy documents for my parents after purchase?		Family & Senior Coverage
I already have Digit health insurance for my family — can I add my parents later or do they need a separate plan?		Family & Senior Coverage
I'm buying health insurance for the first time in India—what should I understand before choosing a policy?		General Health Insurance & Policies
What does health insurance in India actually cover and what is usually excluded?		General Health Insurance & Policies
How does individual health insurance work in India?		General Health Insurance & Policies
What are the main types of health insurance plans available in India?		General Health Insurance & Policies
What is the difference between mediclaim and comprehensive health insurance in India?		General Health Insurance & Policies
How is medical insurance different from critical illness insurance?		General Health Insurance & Policies
What are the real benefits of having health insurance in India if I'm young and healthy?		General Health Insurance & Policies
Why do people say health insurance is essential even if I already have savings?		General Health Insurance & Policies
How much health insurance cover do I actually need in India?		General Health Insurance & Policies
I already have employer coverage—do I still need my own health insurance policy?		General Health Insurance & Policies
How do waiting periods work in health insurance policies in India?		General Health Insurance & Policies
What counts as a pre-existing disease in Indian health insurance?		General Health Insurance & Policies
How do disease-specific waiting periods affect what I can claim later?		General Health Insurance & Policies
What is Arogya Sanjeevani and who is it meant for?		General Health Insurance & Policies
How does cashless treatment work in a health insurance policy?		General Health Insurance & Policies
What is the difference between cashless and reimbursement claims in health insurance?		General Health Insurance & Policies
Why do some health insurance claims get rejected even when the policy is active?		General Health Insurance & Policies
How do room rent limits and sub-limits affect a medical insurance claim?		General Health Insurance & Policies
What should I check in a medical insurance policy document before buying?		General Health Insurance & Policies
How do network hospitals matter when choosing health insurance in India?		General Health Insurance & Policies
What is restoration benefit in health insurance and when is it useful?		General Health Insurance & Policies
How do no-claim bonus and sum insured upgrades work in health insurance plans?		General Health Insurance & Policies
What's the difference between an individual plan and a family floater policy?		General Health Insurance & Policies
When does it make sense to buy separate health insurance instead of a floater plan?		General Health Insurance & Policies
How do I judge whether a health insurance plan is actually good and not just cheap?		General Health Insurance & Policies
What should I look for in a health insurance policy for parents in India?		General Health Insurance & Policies
How does critical illness cover work and when should I add it?		General Health Insurance & Policies
What are common exclusions in health insurance that surprise people later?		General Health Insurance & Policies
How do I compare health insurance plans if every insurer claims to be the best?		General Health Insurance & Policies
What mistakes do first-time buyers make when choosing health insurance in India?		General Health Insurance & Policies
best health insurance policy in India for individuals		General Health Insurance & Policies
top health insurance plans in India for family coverage		General Health Insurance & Policies
best medical insurance in India for someone in their 30s		General Health Insurance & Policies
how to choose a health insurance policy in India		General Health Insurance & Policies
what to look for before buying medical insurance online in India		General Health Insurance & Policies
which is better: individual health insurance or family floater		General Health Insurance & Policies
best health insurance plans in India with shorter waiting periods		General Health Insurance & Policies
best health insurance policy in India with a large cashless hospital network		General Health Insurance & Policies
best health insurance plans in India for pre-existing diseases after waiting period		General Health Insurance & Policies
best health insurance in India for self and spouse		General Health Insurance & Policies
best health insurance plans in India for parents		General Health Insurance & Policies
best health insurance policy in India for senior citizens		General Health Insurance & Policies
which health insurance companies in India are known for smoother cashless claims		General Health Insurance & Policies
which health insurance plan is better for maternity and hospitalization coverage		General Health Insurance & Policies
best medical insurance plans in India with restoration benefits		General Health Insurance & Policies
best mediclaim policy in India for high hospital costs		General Health Insurance & Policies
Arogya Sanjeevani vs comprehensive health insurance		General Health Insurance & Policies
critical illness policy vs regular health insurance		General Health Insurance & Policies
Digit vs Acko health insurance		General Health Insurance & Policies
Digit vs PolicyBazaar health insurance plans		General Health Insurance & Policies
Digit vs HDFC ERGO health insurance		General Health Insurance & Policies
Digit vs ICICI Lombard health insurance		General Health Insurance & Policies
Digit vs Bajaj Allianz health insurance		General Health Insurance & Policies
Digit vs Star Health insurance		General Health Insurance & Policies
Digit vs Niva Bupa health insurance		General Health Insurance & Policies
Digit vs Care Health Insurance		General Health Insurance & Policies
Digit vs HDFC ERGO vs ICICI Lombard health insurance		General Health Insurance & Policies
best alternative to Star Health or Niva Bupa for individual health insurance		General Health Insurance & Policies
difference between Arogya Sanjeevani and standard individual health insurance plans		General Health Insurance & Policies
does Digit health insurance cover pre-existing diseases after waiting period		General Health Insurance & Policies
Digit health insurance waiting period for pre-existing diseases		General Health Insurance & Policies
Digit health insurance pricing for individual policy		General Health Insurance & Policies
Digit health insurance premium for family floater plans		General Health Insurance & Policies
how to buy Digit health insurance online		General Health Insurance & Policies
Digit health insurance claim process for cashless hospitalization		General Health Insurance & Policies
Digit health insurance reimbursement claim process		General Health Insurance & Policies
Digit health insurance network hospitals near me		General Health Insurance & Policies
does Digit health insurance have room rent limits		General Health Insurance & Policies
Digit health insurance exclusions I should check before buying		General Health Insurance & Policies
Digit health insurance policy wording for individual plan		General Health Insurance & Policies
Digit health insurance maternity coverage waiting period		General Health Insurance & Policies
Digit health insurance critical illness add-on details		General Health Insurance & Policies
Digit health insurance restoration benefit details		General Health Insurance & Policies
Digit health insurance no-claim bonus rules		General Health Insurance & Policies
can I port my existing health insurance policy to Digit		General Health Insurance & Policies
Digit health insurance portability process and waiting period credit		General Health Insurance & Policies
Digit health insurance for parents eligibility and premium		General Health Insurance & Policies
Digit health insurance tax benefit documents and premium receipt		General Health Insurance & Policies
is Digit health insurance good for self-employed people buying their own cover		General Health Insurance & Policies
Digit health insurance vs Star Health pricing and waiting period		General Health Insurance & Policies
Digit health insurance vs Care Health for cashless hospital network		General Health Insurance & Policies
Digit health insurance vs HDFC ERGO for claim process and premium		General Health Insurance & Policies
should I buy Digit health insurance or Acko for an individual plan		General Health Insurance & Policies
Digit health insurance onboarding timeline after payment		General Health Insurance & Policies
does Digit health insurance require medical tests before policy issuance		General Health Insurance & Policies
Digit health insurance support for cashless approval at non-metro hospitals		General Health Insurance & Policies
I bought Digit health insurance—how do I download my policy document?		General Health Insurance & Policies
How do I check my Digit health insurance coverage details after purchase?		General Health Insurance & Policies
I already have Digit health insurance—how do I find network hospitals?		General Health Insurance & Policies
How do I raise a cashless claim in Digit health insurance during hospitalization?		General Health Insurance & Policies
My Digit health insurance cashless request was delayed—what should I do now?		General Health Insurance & Policies
Why was my Digit health insurance claim rejected and how can I appeal it?		General Health Insurance & Policies
How do I submit a reimbursement claim in Digit health insurance?		General Health Insurance & Policies
What documents do I need for a Digit health insurance reimbursement claim?		General Health Insurance & Policies
How can I track my Digit health insurance claim status?		General Health Insurance & Policies
I need to add my spouse to my Digit health insurance policy—how do I do that?		General Health Insurance & Policies
How do I add a newborn child to my Digit health insurance policy?		General Health Insurance & Policies
Can I increase my sum insured when renewing Digit health insurance?		General Health Insurance & Policies
How do I renew my Digit health insurance policy without losing continuity benefits?		General Health Insurance & Policies
Where can I see my waiting period status in Digit health insurance?		General Health Insurance & Policies
I have Digit health insurance—how do I know if a treatment is covered?		General Health Insurance & Policies
How do I check if my pre-existing disease is covered under my Digit policy now?		General Health Insurance & Policies
Can I use my Digit health insurance for planned surgery and what should I do in advance?		General Health Insurance & Policies
How do I contact Digit health insurance support during an emergency admission?		General Health Insurance & Policies
My hospital says cashless is not available—can I still claim through Digit?		General Health Insurance & Policies
How do I file a grievance if I'm unhappy with Digit health insurance claim handling?		General Health Insurance & Policies
How do I download my Digit health insurance tax certificate?		General Health Insurance & Policies
I want to understand my Digit policy exclusions better after buying—where should I look?		General Health Insurance & Policies
Can I port out from Digit health insurance later without losing waiting period credit?		General Health Insurance & Policies
How do I update nominee or personal details in my Digit health insurance policy?		General Health Insurance & Policies
My Digit health insurance app is not showing my policy correctly—what should I do?		General Health Insurance & Policies
How do I get cashless approval faster with my Digit health insurance policy?		General Health Insurance & Policies
What should I do if my Digit health insurance claim is approved only partially?		General Health Insurance & Policies
How can I avoid claim problems in Digit health insurance before hospitalization?		General Health Insurance & Policies
I already have Digit health insurance—should I upgrade my cover or buy a super top-up?		General Health Insurance & Policies
Is there a better plan than my current Digit health insurance for my changing family needs?		General Health Insurance & Policies
best health insurance policy in India for people with frequent hospital visits		General Health Insurance & Policies
best health insurance in India if claim experience matters more than premium		General Health Insurance & Policies
how to compare health insurance companies in India beyond claim settlement ratio		General Health Insurance & Policies
which medical insurance plan in India is better for metro city hospital costs		General Health Insurance & Policies
best health insurance policy in India with fewer sub-limits and exclusions		General Health Insurance & Policies
Digit health insurance for senior citizens pricing and coverage details		General Health Insurance & Policies
Digit health insurance family floater coverage details before purchase		General Health Insurance & Policies
Digit health insurance claim settlement support and grievance options		General Health Insurance & Policies
can I buy Digit health insurance if I already have an employer plan		General Health Insurance & Policies
does Digit health insurance cover modern treatments and daycare procedures		General Health Insurance & Policies
I'm confused between regular health insurance and critical illness cover—what should I choose first?		General Health Insurance & Policies
How does buying medical insurance online in India differ from buying through an agent?		General Health Insurance & Policies
What questions should I ask before finalizing a health insurance plan in India?		General Health Insurance & Policies
How do I know if a cheap health insurance plan is missing something important?		General Health Insurance & Policies
What makes one health insurance policy more useful than another during an actual hospital stay?		General Health Insurance & Policies
best health insurance in India for parents with existing medical conditions		General Health Insurance & Policies
best health insurance plan in India for higher sum insured and cashless treatment		General Health Insurance & Policies
which health insurance companies in India are easiest to compare for first-time buyers		General Health Insurance & Policies
Digit vs Niva Bupa vs Care Health for individual medical insurance		General Health Insurance & Policies
Star Health vs Digit vs HDFC ERGO for family floater insurance		General Health Insurance & Policies
Digit health insurance premium calculator and plan comparison options		General Health Insurance & Policies
Digit health insurance documents needed before policy purchase		General Health Insurance & Policies
does Digit health insurance offer online policy issuance without agent follow-up		General Health Insurance & Policies
Digit health insurance terms for pre-policy disclosure and claim eligibility		General Health Insurance & Policies
Digit health insurance cancellation and free-look policy details		General Health Insurance & Policies
How do I use my Digit health insurance at a network hospital for a planned admission?		General Health Insurance & Policies
Can I check claim-related exclusions in my Digit policy before I need hospitalization?		General Health Insurance & Policies
How do I avoid reimbursement delays with my Digit health insurance policy?		General Health Insurance & Policies
My Digit health insurance policy is active—how do I make sure all family members are correctly covered?		General Health Insurance & Policies
How do I escalate a Digit health insurance complaint if customer support doesn't resolve it?		General Health Insurance & Policies
What's the best health insurance policy in India if I want fewer surprises at claim time?		General Health Insurance & Policies
Which health insurance plan in India is best for long-term continuity and portability?		General Health Insurance & Policies
Digit vs ICICI Lombard vs Bajaj Allianz for online health insurance purchase		General Health Insurance & Policies
Digit health insurance onboarding documents and timeline after payment		General Health Insurance & Policies
I have Digit health insurance—how do I prepare for a reimbursement claim before discharge?		General Health Insurance & Policies
I want to buy health insurance online for my family without getting trapped by hidden conditions later		Online Purchasing & Quotes
How does buying health insurance online actually work in India from quote to policy issuance		Online Purchasing & Quotes
Why is the premium shown in a health insurance calculator different from the final premium I get		Online Purchasing & Quotes
I keep seeing cheap health insurance premiums online — what usually gets left out		Online Purchasing & Quotes
What details do I need before I calculate health insurance premium for myself and my parents		Online Purchasing & Quotes
Is buying health insurance online safe if I may need claim help later		Online Purchasing & Quotes
How do online health insurance quotes decide my premium before medical checks		Online Purchasing & Quotes
I am confused by sum insured, deductible, co-pay, and waiting period when comparing online health plans		Online Purchasing & Quotes
What should I check before buying health insurance online instead of just picking the lowest premium		Online Purchasing & Quotes
How can I tell if an online health insurance quote is realistic or just a lead-generation teaser		Online Purchasing & Quotes
I need health insurance quickly — can I rely on an online purchase process for immediate clarity on coverage		Online Purchasing & Quotes
What mistakes do people make when using a health insurance premium calculator for family coverage		Online Purchasing & Quotes
Best way to compare health insurance quotes online in India		Online Purchasing & Quotes
Top health insurance companies in India for buying online with clear pricing		Online Purchasing & Quotes
Digit vs Acko health insurance for buying online		Online Purchasing & Quotes
Digit vs HDFC Ergo health insurance for online purchase and quote accuracy		Online Purchasing & Quotes
Digit vs ICICI Lombard health insurance for online buying experience		Online Purchasing & Quotes
Digit vs Bajaj Allianz health insurance for premium calculator and policy purchase		Online Purchasing & Quotes
Digit vs Star Health insurance for online purchase and family plans		Online Purchasing & Quotes
Digit vs Niva Bupa health insurance for buying online		Online Purchasing & Quotes
Digit vs Care Health insurance for online quotes and premium value		Online Purchasing & Quotes
Digit vs Policybazaar for buying health insurance online		Online Purchasing & Quotes
Is it better to buy health insurance from the insurer website or from Policybazaar		Online Purchasing & Quotes
Which health insurance premium calculator is more trustworthy — insurer site or aggregator		Online Purchasing & Quotes
How to choose between Digit, HDFC Ergo, and Niva Bupa for online health insurance		Online Purchasing & Quotes
Cheapest online health insurance vs best-value health insurance — how should I compare		Online Purchasing & Quotes
What should I look for when comparing online health insurance quotes beyond premium		Online Purchasing & Quotes
Which insurers give the most transparent online health insurance buying experience in India		Online Purchasing & Quotes
Digit health insurance pricing for family floater plans		Online Purchasing & Quotes
How to buy Digit health insurance online step by step		Online Purchasing & Quotes
Does Digit health insurance premium change after underwriting		Online Purchasing & Quotes
Digit health insurance premium calculator for parents — how accurate is it		Online Purchasing & Quotes
What documents do I need to buy Digit health insurance online		Online Purchasing & Quotes
Can I buy Digit health insurance online without an agent		Online Purchasing & Quotes
Does Digit health insurance offer EMI or installment payment when buying online		Online Purchasing & Quotes
How long does Digit take to issue a health insurance policy after online payment		Online Purchasing & Quotes
Digit health insurance for parents pricing and medical test requirements		Online Purchasing & Quotes
Can I add my spouse and children while buying Digit health insurance online		Online Purchasing & Quotes
Does Digit health insurance show final premium before checkout or can it change later		Online Purchasing & Quotes
What is included and excluded in Digit health insurance at the time of online purchase		Online Purchasing & Quotes
I bought Digit health insurance online — where do I download my policy and tax certificate		Online Purchasing & Quotes
How do I check the premium breakdown for my Digit health insurance policy after purchase		Online Purchasing & Quotes
My Digit health insurance policy was issued online but I want to correct a detail		Online Purchasing & Quotes
I purchased Digit health insurance online — how do I add a family member later		Online Purchasing & Quotes
Why is my Digit health insurance policy not showing up properly in the app after purchase		Online Purchasing & Quotes
I bought Digit health insurance online — how do I confirm waiting periods and exclusions on my policy		Online Purchasing & Quotes
How do I renew my Digit health insurance online without losing continuity benefits		Online Purchasing & Quotes
I already bought Digit health insurance online — what should I verify now so claims do not get rejected later		Online Purchasing & Quotes
I already have health insurance and term insurance, do I still need a personal accident policy?		Personal Accident Insurance
How does a personal accident policy work in India if an accident causes disability instead of death?		Personal Accident Insurance
What is usually covered in a personal accident insurance plan and what is commonly excluded?		Personal Accident Insurance
How much personal accident cover should I buy if my family depends on my income?		Personal Accident Insurance
Should salaried employees in India buy personal accident insurance separately from employer coverage?		Personal Accident Insurance
What is the difference between group personal accident insurance and an individual personal accident policy?		Personal Accident Insurance
Best personal accident insurance plan in India for self-employed people		Personal Accident Insurance
Top personal accident insurance plans in India with disability cover and hospital cash		Personal Accident Insurance
Digit vs HDFC Ergo personal accident insurance		Personal Accident Insurance
Digit vs ICICI Lombard personal accident insurance		Personal Accident Insurance
Digit vs Bajaj Allianz personal accident insurance		Personal Accident Insurance
Digit vs Star Health personal accident insurance		Personal Accident Insurance
Policybazaar vs Digit for buying a personal accident policy		Personal Accident Insurance
What should I compare before choosing a personal accident policy in India?		Personal Accident Insurance
Digit personal accident insurance pricing and sum insured options		Personal Accident Insurance
Does Digit personal accident insurance cover permanent partial disability and temporary total disability?		Personal Accident Insurance
What documents are needed to file a Digit personal accident insurance claim?		Personal Accident Insurance
Can Digit personal accident insurance be bought as a standalone policy or only with other covers?		Personal Accident Insurance
I bought a personal accident policy and want to know how to file a claim after an accident		Personal Accident Insurance
My personal accident insurance claim is delayed, what should I check first?		Personal Accident Insurance
I already have group personal accident insurance through work, how do I know if I need extra personal cover now?		Personal Accident Insurance
